Years,Date,Teams,W,L,T,Super Bowl,PCT,PF,PA,Net Pts,Home,Road,Div,Pct,Conf,Pct,Non-Conf,Strk,Last 5
2021,2021,Bills,11,6,0,0,0.647,483,289,194,6 - 3 - 0,5 - 3 - 0,5 - 1 - 0,0.833,7 - 5 - 0,0.583,4 - 1 - 0,4W,4 - 1 - 0
2021,2021,Dolphins,9,8,0,0,0.529,341,373,-32,6 - 3 - 0,3 - 5 - 0,4 - 2 - 0,0.667,6 - 6 - 0,0.5,3 - 2 - 0,1W,4 - 1 - 0
2021,2021,Patriots,10,7,0,0,0.588,462,303,159,4 - 5 - 0,6 - 2 - 0,3 - 3 - 0,0.5,8 - 4 - 0,0.667,2 - 3 - 0,1L,2 - 3 - 0
2021,2021,Jets,4,13,0,0,0.235,310,504,-194,3 - 6 - 0,1 - 7 - 0,0 - 6 - 0,0,4 - 8 - 0,0.333,0 - 5 - 0,2L,1 - 4 - 0
2021,2021,Bengals,10,7,0,0,0.588,460,376,84,5 - 4 - 0,5 - 3 - 0,4 - 2 - 0,0.667,8 - 4 - 0,0.667,2 - 3 - 0,1L,3 - 2 - 0
2021,2021,Steelers,9,7,1,0,0.559,343,398,-55,6 - 2 - 1,3 - 5 - 0,4 - 2 - 0,0.667,7 - 5 - 0,0.583,2 - 2 - 1,2W,3 - 2 - 0
2021,2021,Browns,8,9,0,0,0.471,349,371,-22,6 - 3 - 0,2 - 6 - 0,3 - 3 - 0,0.5,5 - 7 - 0,0.417,3 - 2 - 0,1W,2 - 3 - 0
2021,2021,Ravens,8,9,0,0,0.471,387,392,-5,5 - 4 - 0,3 - 5 - 0,1 - 5 - 0,0.167,5 - 7 - 0,0.417,3 - 2 - 0,6L,0 - 5 - 0
2021,2021,Titans,12,5,0,0,0.706,419,354,65,7 - 2 - 0,5 - 3 - 0,5 - 1 - 0,0.833,8 - 4 - 0,0.667,4 - 1 - 0,3W,4 - 1 - 0
2021,2021,Colts,9,8,0,0,0.529,451,365,86,4 - 5 - 0,5 - 3 - 0,3 - 3 - 0,0.5,7 - 5 - 0,0.583,2 - 3 - 0,2L,3 - 2 - 0
2021,2021,Texans,4,13,0,0,0.235,280,452,-172,2 - 7 - 0,2 - 6 - 0,3 - 3 - 0,0.5,4 - 8 - 0,0.333,0 - 5 - 0,2L,2 - 3 - 0
2021,2021,Jaguars,3,14,0,0,0.176,253,457,-204,3 - 6 - 0,0 - 8 - 0,1 - 5 - 0,0.167,3 - 9 - 0,0.25,0 - 5 - 0,1W,1 - 4 - 0
2021,2021,Chiefs,12,5,0,0,0.706,480,364,116,7 - 2 - 0,5 - 3 - 0,5 - 1 - 0,0.833,7 - 5 - 0,0.583,5 - 0 - 0,1W,4 - 1 - 0
2021,2021,Raiders,10,7,0,0,0.588,374,439,-65,5 - 4 - 0,5 - 3 - 0,3 - 3 - 0,0.5,8 - 4 - 0,0.667,2 - 3 - 0,4W,4 - 1 - 0
2021,2021,Chargers,9,8,0,0,0.529,474,459,15,5 - 4 - 0,4 - 4 - 0,3 - 3 - 0,0.5,6 - 6 - 0,0.5,3 - 2 - 0,1L,2 - 3 - 0
2021,2021,Broncos,7,10,0,0,0.412,335,322,13,4 - 5 - 0,3 - 5 - 0,1 - 5 - 0,0.167,3 - 9 - 0,0.25,4 - 1 - 0,4L,1 - 4 - 0
2021,2021,Cowboys,12,5,0,0,0.706,530,358,172,5 - 3 - 0,7 - 2 - 0,6 - 0 - 0,1,10 - 2 - 0,0.833,2 - 3 - 0,1W,4 - 1 - 0
2021,2021,Eagles,9,8,0,0,0.529,444,385,59,3 - 5 - 0,6 - 3 - 0,3 - 3 - 0,0.5,7 - 5 - 0,0.583,2 - 3 - 0,1L,4 - 1 - 0
2021,2021,Redskins,7,10,0,0,0.412,335,434,-99,3 - 5 - 0,4 - 5 - 0,2 - 4 - 0,0.333,6 - 6 - 0,0.5,1 - 4 - 0,1W,1 - 4 - 0
2021,2021,Giants,4,13,0,0,0.235,258,416,-158,3 - 5 - 0,1 - 8 - 0,1 - 5 - 0,0.167,3 - 9 - 0,0.25,1 - 4 - 0,6L,0 - 5 - 0
2021,2021,Packers,13,4,0,0,0.765,450,371,79,8 - 0 - 0,5 - 4 - 0,4 - 2 - 0,0.667,9 - 3 - 0,0.75,4 - 1 - 0,1L,4 - 1 - 0
2021,2021,Vikings,8,9,0,0,0.471,425,426,-1,5 - 3 - 0,3 - 6 - 0,4 - 2 - 0,0.667,6 - 6 - 0,0.5,2 - 3 - 0,1W,3 - 2 - 0
2021,2021,Bears,6,11,0,0,0.353,311,407,-96,3 - 5 - 0,3 - 6 - 0,2 - 4 - 0,0.333,4 - 8 - 0,0.333,2 - 3 - 0,1L,2 - 3 - 0
2021,2021,Lions,3,13,1,0,0.206,325,467,-142,3 - 5 - 0,0 - 8 - 1,2 - 4 - 0,0.333,3 - 9 - 0,0.25,0 - 4 - 1,1W,2 - 3 - 0
2021,2021,Buccaneers,13,4,0,1,0.765,511,353,158,7 - 1 - 0,6 - 3 - 0,4 - 2 - 0,0.667,8 - 4 - 0,0.667,5 - 0 - 0,3W,4 - 1 - 0
2021,2021,Saints,9,8,0,0,0.529,364,335,29,3 - 5 - 0,6 - 3 - 0,4 - 2 - 0,0.667,7 - 5 - 0,0.583,2 - 3 - 0,2W,4 - 1 - 0
2021,2021,Falcons,7,10,0,0,0.412,313,459,-146,2 - 6 - 0,5 - 4 - 0,2 - 4 - 0,0.333,4 - 8 - 0,0.333,3 - 2 - 0,2L,2 - 3 - 0
2021,2021,Panthers,5,12,0,0,0.294,304,404,-100,2 - 6 - 0,3 - 6 - 0,2 - 4 - 0,0.333,3 - 9 - 0,0.25,2 - 3 - 0,7L,0 - 5 - 0
2021,2021,Rams,12,5,0,0,0.706,460,372,88,5 - 3 - 0,7 - 2 - 0,3 - 3 - 0,0.5,8 - 4 - 0,0.667,4 - 1 - 0,1L,4 - 1 - 0
2021,2021,Cardinals,11,6,0,0,0.647,449,366,83,3 - 5 - 0,8 - 1 - 0,4 - 2 - 0,0.667,7 - 5 - 0,0.583,4 - 1 - 0,1L,1 - 4 - 0
2021,2021,49ers,10,7,0,0,0.588,427,365,62,4 - 4 - 0,6 - 3 - 0,2 - 4 - 0,0.333,7 - 5 - 0,0.583,3 - 2 - 0,2W,4 - 1 - 0
2021,2021,Seahawks,7,10,0,0,0.412,395,366,29,3 - 5 - 0,4 - 5 - 0,3 - 3 - 0,0.5,4 - 8 - 0,0.333,3 - 2 - 0,2W,3 - 2 - 0
2020,2020,Jets,2,14,0,0,0.125,243,457,-214,1 - 7 - 0,1 - 7 - 0,0 - 6 - 0,0,1 - 11 - 0,0.083,1 - 3 - 0,1L,2 - 3 - 0
2020,2020,Patriots,7,9,0,0,0.438,326,353,-27,5 - 3 - 0,2 - 6 - 0,3 - 3 - 0,0.5,6 - 6 - 0,0.5,1 - 3 - 0,1W,2 - 3 - 0
2020,2020,Dolphins,10,6,0,0,0.625,404,338,66,5 - 3 - 0,5 - 3 - 0,3 - 3 - 0,0.5,7 - 5 - 0,0.583,3 - 1 - 0,1L,3 - 2 - 0
2020,2020,Bills,13,3,0,0,0.813,501,375,126,7 - 1 - 0,6 - 2 - 0,6 - 0 - 0,1,10 - 2 - 0,0.833,3 - 1 - 0,6W,5 - 0 - 0
2020,2020,Steelers,12,4,0,0,0.75,416,312,104,7 - 1 - 0,5 - 3 - 0,4 - 2 - 0,0.667,9 - 3 - 0,0.75,3 - 1 - 0,1L,1 - 4 - 0
2020,2020,Ravens,11,5,0,0,0.688,468,303,165,5 - 3 - 0,6 - 2 - 0,4 - 2 - 0,0.667,7 - 5 - 0,0.583,4 - 0 - 0,5W,5 - 0 - 0
2020,2020,Browns,11,5,0,0,0.688,408,419,-11,6 - 2 - 0,5 - 3 - 0,3 - 3 - 0,0.5,7 - 5 - 0,0.583,4 - 0 - 0,1W,3 - 2 - 0
2020,2020,Bengals,4,11,1,0,0.281,311,424,-113,3 - 5 - 0,1 - 6 - 1,1 - 5 - 0,0.167,4 - 8 - 0,0.333,0 - 3 - 1,1L,2 - 3 - 0
2020,2020,Titans,11,5,0,0,0.688,491,439,52,5 - 3 - 0,6 - 2 - 0,5 - 1 - 0,0.833,8 - 4 - 0,0.667,3 - 1 - 0,1W,3 - 2 - 0
2020,2020,Colts,11,5,0,0,0.688,451,362,89,6 - 2 - 0,5 - 3 - 0,4 - 2 - 0,0.667,7 - 5 - 0,0.583,4 - 0 - 0,1W,4 - 1 - 0
2020,2020,Texans,4,12,0,0,0.25,384,464,-80,2 - 6 - 0,2 - 6 - 0,2 - 4 - 0,0.333,3 - 9 - 0,0.25,1 - 3 - 0,5L,0 - 5 - 0
2020,2020,Jaguars,1,15,0,0,0.063,306,492,-186,1 - 7 - 0,0 - 8 - 0,1 - 5 - 0,0.167,1 - 11 - 0,0.083,0 - 4 - 0,15L,0 - 5 - 0
2020,2020,Chiefs,14,2,0,1,0.875,473,362,111,6 - 2 - 0,8 - 0 - 0,4 - 2 - 0,0.667,10 - 2 - 0,0.833,4 - 0 - 0,1L,4 - 1 - 0
2020,2020,Raiders,8,8,0,0,0.5,434,478,-44,2 - 6 - 0,6 - 2 - 0,4 - 2 - 0,0.667,6 - 6 - 0,0.5,2 - 2 - 0,1W,2 - 3 - 0
2020,2020,Chargers,7,9,0,0,0.438,384,426,-42,4 - 4 - 0,3 - 5 - 0,3 - 3 - 0,0.5,6 - 6 - 0,0.5,1 - 3 - 0,4W,4 - 1 - 0
2020,2020,Broncos,5,11,0,0,0.313,323,446,-123,2 - 6 - 0,3 - 5 - 0,1 - 5 - 0,0.167,4 - 8 - 0,0.333,1 - 3 - 0,3L,1 - 4 - 0
2020,2020,Redskins,7,9,0,0,0.438,335,329,6,3 - 5 - 0,4 - 4 - 0,4 - 2 - 0,0.667,5 - 7 - 0,0.417,2 - 2 - 0,1W,3 - 2 - 0
2020,2020,Giants,6,10,0,0,0.375,280,357,-77,3 - 5 - 0,3 - 5 - 0,4 - 2 - 0,0.667,5 - 7 - 0,0.417,1 - 3 - 0,1W,2 - 3 - 0
2020,2020,Cowboys,6,10,0,0,0.375,395,473,-78,4 - 4 - 0,2 - 6 - 0,2 - 4 - 0,0.333,5 - 7 - 0,0.417,1 - 3 - 0,1L,3 - 2 - 0
2020,2020,Eagles,4,11,1,0,0.281,334,418,-84,3 - 4 - 1,1 - 7 - 0,2 - 4 - 0,0.333,4 - 8 - 0,0.333,0 - 3 - 1,3L,1 - 4 - 0
2020,2020,Packers,13,3,0,0,0.813,509,369,140,7 - 1 - 0,6 - 2 - 0,5 - 1 - 0,0.833,10 - 2 - 0,0.833,3 - 1 - 0,6W,5 - 0 - 0
2020,2020,Bears,8,8,0,0,0.5,372,370,2,3 - 5 - 0,5 - 3 - 0,2 - 4 - 0,0.333,6 - 6 - 0,0.5,2 - 2 - 0,1L,3 - 2 - 0
2020,2020,Vikings,7,9,0,0,0.438,430,475,-45,3 - 5 - 0,4 - 4 - 0,4 - 2 - 0,0.667,5 - 7 - 0,0.417,2 - 2 - 0,1W,2 - 3 - 0
2020,2020,Lions,5,11,0,0,0.313,377,519,-142,1 - 7 - 0,4 - 4 - 0,1 - 5 - 0,0.167,4 - 8 - 0,0.333,1 - 3 - 0,4L,1 - 4 - 0
2020,2020,Saints,12,4,0,0,0.75,482,337,145,6 - 2 - 0,6 - 2 - 0,6 - 0 - 0,1,10 - 2 - 0,0.833,2 - 2 - 0,2W,3 - 2 - 0
2020,2020,Buccaneers,11,5,0,0,0.688,492,355,137,5 - 3 - 0,6 - 2 - 0,4 - 2 - 0,0.667,8 - 4 - 0,0.667,3 - 1 - 0,4W,4 - 1 - 0
2020,2020,Panthers,5,11,0,0,0.313,350,402,-52,2 - 6 - 0,3 - 5 - 0,1 - 5 - 0,0.167,4 - 8 - 0,0.333,1 - 3 - 0,1L,1 - 4 - 0
2020,2020,Falcons,4,12,0,0,0.25,396,414,-18,2 - 6 - 0,2 - 6 - 0,1 - 5 - 0,0.167,2 - 10 - 0,0.167,2 - 2 - 0,5L,0 - 5 - 0
2020,2020,Seahawks,12,4,0,0,0.75,459,371,88,7 - 1 - 0,5 - 3 - 0,4 - 2 - 0,0.667,9 - 3 - 0,0.75,3 - 1 - 0,4W,4 - 1 - 0
2020,2020,Rams,10,6,0,0,0.625,372,296,76,6 - 2 - 0,4 - 4 - 0,3 - 3 - 0,0.5,9 - 3 - 0,0.75,1 - 3 - 0,1W,3 - 2 - 0
2020,2020,Cardinals,8,8,0,0,0.5,410,367,43,4 - 4 - 0,4 - 4 - 0,2 - 4 - 0,0.333,6 - 6 - 0,0.5,2 - 2 - 0,2L,2 - 3 - 0
2020,2020,49ers,6,10,0,0,0.375,376,390,-14,1 - 7 - 0,5 - 3 - 0,3 - 3 - 0,0.5,4 - 8 - 0,0.333,2 - 2 - 0,1L,1 - 4 - 0
2019,2019,Patriots,12,4,0,1,0.75,420,225,195,6 - 2 - 0,6 - 2 - 0,5 - 1 - 0,0.833,8 - 4 - 0,0.667,4 - 0 - 0,1L,2 - 3 - 0
2019,2019,Bills,10,6,0,0,0.625,314,259,55,4 - 4 - 0,6 - 2 - 0,3 - 3 - 0,0.5,7 - 5 - 0,0.583,3 - 1 - 0,2L,2 - 3 - 0
2019,2019,Jets,7,9,0,0,0.438,276,359,-83,5 - 3 - 0,2 - 6 - 0,2 - 4 - 0,0.333,4 - 8 - 0,0.333,3 - 1 - 0,2W,3 - 2 - 0
2019,2019,Dolphins,5,11,0,0,0.313,306,494,-188,3 - 5 - 0,2 - 6 - 0,2 - 4 - 0,0.333,4 - 8 - 0,0.333,1 - 3 - 0,2W,3 - 2 - 0
2019,2019,Ravens,14,2,0,0,0.875,531,282,249,7 - 1 - 0,7 - 1 - 0,5 - 1 - 0,0.833,10 - 2 - 0,0.833,4 - 0 - 0,12W,5 - 0 - 0
2019,2019,Steelers,8,8,0,0,0.5,289,303,-14,5 - 3 - 0,3 - 5 - 0,3 - 3 - 0,0.5,6 - 6 - 0,0.5,2 - 2 - 0,3L,2 - 3 - 0
2019,2019,Browns,6,10,0,0,0.375,335,393,-58,4 - 4 - 0,2 - 6 - 0,3 - 3 - 0,0.5,6 - 6 - 0,0.5,0 - 4 - 0,3L,1 - 4 - 0
2019,2019,Bengals,2,14,0,0,0.125,279,420,-141,2 - 6 - 0,0 - 8 - 0,1 - 5 - 0,0.167,2 - 10 - 0,0.167,0 - 4 - 0,1W,2 - 3 - 0
2019,2019,Texans,10,6,0,0,0.625,378,385,-7,5 - 3 - 0,5 - 3 - 0,4 - 2 - 0,0.667,8 - 4 - 0,0.667,2 - 2 - 0,1L,3 - 2 - 0
2019,2019,Titans,9,7,0,0,0.563,402,331,71,4 - 4 - 0,5 - 3 - 0,3 - 3 - 0,0.5,7 - 5 - 0,0.583,2 - 2 - 0,1W,3 - 2 - 0
2019,2019,Colts,7,9,0,0,0.438,361,373,-12,5 - 3 - 0,2 - 6 - 0,3 - 3 - 0,0.5,5 - 7 - 0,0.417,2 - 2 - 0,1L,1 - 4 - 0
2019,2019,Jaguars,6,10,0,0,0.375,300,397,-97,3 - 5 - 0,3 - 5 - 0,2 - 4 - 0,0.333,6 - 6 - 0,0.5,0 - 4 - 0,1W,2 - 3 - 0
2019,2019,Chiefs,12,4,0,0,0.75,451,308,143,5 - 3 - 0,7 - 1 - 0,6 - 0 - 0,1,9 - 3 - 0,0.75,3 - 1 - 0,6W,5 - 0 - 0
2019,2019,Broncos,7,9,0,0,0.438,282,316,-34,5 - 3 - 0,2 - 6 - 0,3 - 3 - 0,0.5,6 - 6 - 0,0.5,1 - 3 - 0,2W,4 - 1 - 0
2019,2019,Raiders,7,9,0,0,0.438,313,419,-106,5 - 3 - 0,2 - 6 - 0,3 - 3 - 0,0.5,5 - 7 - 0,0.417,2 - 2 - 0,1L,1 - 4 - 0
2019,2019,Chargers,5,11,0,0,0.313,337,345,-8,2 - 6 - 0,3 - 5 - 0,0 - 6 - 0,0,3 - 9 - 0,0.25,2 - 2 - 0,3L,1 - 4 - 0
2019,2019,Eagles,9,7,0,0,0.563,385,354,31,5 - 3 - 0,4 - 4 - 0,5 - 1 - 0,0.833,7 - 5 - 0,0.583,2 - 2 - 0,4W,4 - 1 - 0
2019,2019,Cowboys,8,8,0,0,0.5,434,321,113,5 - 3 - 0,3 - 5 - 0,5 - 1 - 0,0.833,7 - 5 - 0,0.583,1 - 3 - 0,1W,2 - 3 - 0
2019,2019,Giants,4,12,0,0,0.25,341,451,-110,2 - 6 - 0,2 - 6 - 0,2 - 4 - 0,0.333,3 - 9 - 0,0.25,1 - 3 - 0,1L,2 - 3 - 0
2019,2019,Redskins,3,13,0,0,0.188,266,435,-169,1 - 7 - 0,2 - 6 - 0,0 - 6 - 0,0,2 - 10 - 0,0.167,1 - 3 - 0,4L,1 - 4 - 0
2019,2019,Packers,13,3,0,0,0.813,376,313,63,7 - 1 - 0,6 - 2 - 0,6 - 0 - 0,1,10 - 2 - 0,0.833,3 - 1 - 0,5W,5 - 0 - 0
2019,2019,Vikings,10,6,0,0,0.625,407,303,104,6 - 2 - 0,4 - 4 - 0,2 - 4 - 0,0.333,7 - 5 - 0,0.583,3 - 1 - 0,2L,2 - 3 - 0
2019,2019,Bears,8,8,0,0,0.5,280,298,-18,4 - 4 - 0,4 - 4 - 0,4 - 2 - 0,0.667,7 - 5 - 0,0.583,1 - 3 - 0,1W,3 - 2 - 0
2019,2019,Lions,3,12,1,0,0.219,341,423,-82,2 - 6 - 0,1 - 6 - 1,0 - 6 - 0,0,2 - 9 - 1,0.208,1 - 3 - 0,9L,0 - 5 - 0
2019,2019,Saints,13,3,0,0,0.813,458,341,117,6 - 2 - 0,7 - 1 - 0,5 - 1 - 0,0.833,9 - 3 - 0,0.75,4 - 0 - 0,3W,4 - 1 - 0
2019,2019,Falcons,7,9,0,0,0.438,381,399,-18,3 - 5 - 0,4 - 4 - 0,4 - 2 - 0,0.667,6 - 6 - 0,0.5,1 - 3 - 0,4W,4 - 1 - 0
2019,2019,Buccaneers,7,9,0,0,0.438,458,449,9,2 - 6 - 0,5 - 3 - 0,2 - 4 - 0,0.333,5 - 7 - 0,0.417,2 - 2 - 0,2L,3 - 2 - 0
2019,2019,Panthers,5,11,0,0,0.313,340,470,-130,2 - 6 - 0,3 - 5 - 0,1 - 5 - 0,0.167,2 - 10 - 0,0.167,3 - 1 - 0,8L,0 - 5 - 0
2019,2019,49ers,13,3,0,0,0.813,479,310,169,6 - 2 - 0,7 - 1 - 0,5 - 1 - 0,0.833,10 - 2 - 0,0.833,3 - 1 - 0,2W,3 - 2 - 0
2019,2019,Seahawks,11,5,0,0,0.688,405,398,7,4 - 4 - 0,7 - 1 - 0,3 - 3 - 0,0.5,8 - 4 - 0,0.667,3 - 1 - 0,2L,2 - 3 - 0
2019,2019,Rams,9,7,0,0,0.563,394,364,30,5 - 3 - 0,4 - 4 - 0,3 - 3 - 0,0.5,7 - 5 - 0,0.583,2 - 2 - 0,1W,3 - 2 - 0
2019,2019,Cardinals,5,10,1,0,0.344,361,442,-81,2 - 5 - 1,3 - 5 - 0,1 - 5 - 0,0.167,3 - 8 - 1,0.292,2 - 2 - 0,1L,2 - 3 - 0
2018,2018,Patriots,11,5,0,0,0.688,436,325,111,8 - 0 - 0,3 - 5 - 0,5 - 1 - 0,0.833,8 - 4 - 0,0.667,3 - 1 - 0,2W,3 - 2 - 0
2018,2018,Dolphins,7,9,0,0,0.438,319,433,-114,6 - 2 - 0,1 - 7 - 0,4 - 2 - 0,0.667,6 - 6 - 0,0.5,1 - 3 - 0,3L,2 - 3 - 0
2018,2018,Bills,6,10,0,0,0.375,269,374,-105,4 - 4 - 0,2 - 6 - 0,2 - 4 - 0,0.333,4 - 8 - 0,0.333,2 - 2 - 0,1W,2 - 3 - 0
2018,2018,Jets,4,12,0,0,0.25,333,441,-108,2 - 6 - 0,2 - 6 - 0,1 - 5 - 0,0.167,3 - 9 - 0,0.25,1 - 3 - 0,3L,1 - 4 - 0
2018,2018,Ravens,10,6,0,0,0.625,389,287,102,6 - 2 - 0,4 - 4 - 0,3 - 3 - 0,0.5,8 - 4 - 0,0.667,2 - 2 - 0,3W,4 - 1 - 0
2018,2018,Steelers,9,6,1,0,0.594,428,360,68,5 - 3 - 0,4 - 3 - 1,4 - 1 - 1,0.75,6 - 5 - 1,0.542,3 - 1 - 0,1W,2 - 3 - 0
2018,2018,Browns,7,8,1,0,0.469,359,392,-33,5 - 2 - 1,2 - 6 - 0,3 - 2 - 1,0.583,5 - 6 - 1,0.458,2 - 2 - 0,1L,3 - 2 - 0
2018,2018,Bengals,6,10,0,0,0.375,368,455,-87,4 - 4 - 0,2 - 6 - 0,1 - 5 - 0,0.167,4 - 8 - 0,0.333,2 - 2 - 0,2L,1 - 4 - 0
2018,2018,Texans,11,5,0,0,0.688,402,316,86,6 - 2 - 0,5 - 3 - 0,4 - 2 - 0,0.667,9 - 3 - 0,0.75,2 - 2 - 0,1W,3 - 2 - 0
2018,2018,Colts,10,6,0,0,0.625,433,344,89,6 - 2 - 0,4 - 4 - 0,4 - 2 - 0,0.667,7 - 5 - 0,0.583,3 - 1 - 0,4W,4 - 1 - 0
2018,2018,Titans,9,7,0,0,0.563,310,303,7,6 - 2 - 0,3 - 5 - 0,3 - 3 - 0,0.5,5 - 7 - 0,0.417,4 - 0 - 0,1L,4 - 1 - 0
2018,2018,Jaguars,5,11,0,0,0.313,245,316,-71,3 - 5 - 0,2 - 6 - 0,1 - 5 - 0,0.167,4 - 8 - 0,0.333,1 - 3 - 0,1L,2 - 3 - 0
2018,2018,Chiefs,12,4,0,0,0.75,565,421,144,7 - 1 - 0,5 - 3 - 0,5 - 1 - 0,0.833,10 - 2 - 0,0.833,2 - 2 - 0,1W,3 - 2 - 0
2018,2018,Chargers,12,4,0,0,0.75,428,329,99,5 - 3 - 0,7 - 1 - 0,4 - 2 - 0,0.667,9 - 3 - 0,0.75,3 - 1 - 0,1W,4 - 1 - 0
2018,2018,Broncos,6,10,0,0,0.375,329,349,-20,3 - 5 - 0,3 - 5 - 0,2 - 4 - 0,0.333,4 - 8 - 0,0.333,2 - 2 - 0,4L,1 - 4 - 0
2018,2018,Raiders,4,12,0,0,0.25,290,467,-177,3 - 5 - 0,1 - 7 - 0,1 - 5 - 0,0.167,3 - 9 - 0,0.25,1 - 3 - 0,1L,2 - 3 - 0
2018,2018,Cowboys,10,6,0,0,0.625,339,324,15,7 - 1 - 0,3 - 5 - 0,5 - 1 - 0,0.833,9 - 3 - 0,0.75,1 - 3 - 0,2W,4 - 1 - 0
2018,2018,Eagles,9,7,0,1,0.563,367,348,19,5 - 3 - 0,4 - 4 - 0,4 - 2 - 0,0.667,6 - 6 - 0,0.5,3 - 1 - 0,3W,4 - 1 - 0
2018,2018,Redskins,7,9,0,0,0.438,281,359,-78,3 - 5 - 0,4 - 4 - 0,2 - 4 - 0,0.333,6 - 6 - 0,0.5,1 - 3 - 0,2L,1 - 4 - 0
2018,2018,Giants,5,11,0,0,0.313,369,412,-43,2 - 6 - 0,3 - 5 - 0,1 - 5 - 0,0.167,4 - 8 - 0,0.333,1 - 3 - 0,3L,2 - 3 - 0
2018,2018,Bears,12,4,0,0,0.75,421,283,138,7 - 1 - 0,5 - 3 - 0,5 - 1 - 0,0.833,10 - 2 - 0,0.833,2 - 2 - 0,4W,4 - 1 - 0
2018,2018,Vikings,8,7,1,0,0.531,360,341,19,5 - 3 - 0,3 - 4 - 1,3 - 2 - 1,0.583,6 - 5 - 1,0.542,2 - 2 - 0,1L,2 - 3 - 0
2018,2018,Packers,6,9,1,0,0.406,376,400,-24,5 - 2 - 1,1 - 7 - 0,1 - 4 - 1,0.25,3 - 8 - 1,0.292,3 - 1 - 0,1L,2 - 3 - 0
2018,2018,Lions,6,10,0,0,0.375,324,360,-36,3 - 5 - 0,3 - 5 - 0,2 - 4 - 0,0.333,4 - 8 - 0,0.333,2 - 2 - 0,1W,2 - 3 - 0
2018,2018,Saints,13,3,0,0,0.813,504,353,151,6 - 2 - 0,7 - 1 - 0,4 - 2 - 0,0.667,9 - 3 - 0,0.75,4 - 0 - 0,1L,3 - 2 - 0
2018,2018,Falcons,7,9,0,0,0.438,414,423,-9,4 - 4 - 0,3 - 5 - 0,4 - 2 - 0,0.667,7 - 5 - 0,0.583,0 - 4 - 0,3W,3 - 2 - 0
2018,2018,Panthers,7,9,0,0,0.438,376,382,-6,5 - 3 - 0,2 - 6 - 0,2 - 4 - 0,0.333,5 - 7 - 0,0.417,2 - 2 - 0,1W,1 - 4 - 0
2018,2018,Buccaneers,5,11,0,0,0.313,396,464,-68,4 - 4 - 0,1 - 7 - 0,2 - 4 - 0,0.333,4 - 8 - 0,0.333,1 - 3 - 0,4L,1 - 4 - 0
2018,2018,Rams,13,3,0,0,0.813,527,384,143,7 - 1 - 0,6 - 2 - 0,6 - 0 - 0,1,9 - 3 - 0,0.75,4 - 0 - 0,2W,3 - 2 - 0
2018,2018,Seahawks,10,6,0,0,0.625,428,347,81,6 - 2 - 0,4 - 4 - 0,3 - 3 - 0,0.5,8 - 4 - 0,0.667,2 - 2 - 0,2W,4 - 1 - 0
2018,2018,49ers,4,12,0,0,0.25,342,435,-93,4 - 4 - 0,0 - 8 - 0,1 - 5 - 0,0.167,2 - 10 - 0,0.167,2 - 2 - 0,2L,2 - 3 - 0
2018,2018,Cardinals,3,13,0,0,0.188,225,425,-200,1 - 7 - 0,2 - 6 - 0,2 - 4 - 0,0.333,3 - 9 - 0,0.25,0 - 4 - 0,4L,1 - 4 - 0
2017,2017,Patriots,13,3,0,1,0.813,458,296,162,6 - 2 - 0,7 - 1 - 0,5 - 1 - 0,0.833,10 - 2 - 0,0.833,3 - 1 - 0,3W,4 - 1 - 0
2017,2017,Bills,9,7,0,0,0.563,302,359,-57,6 - 2 - 0,3 - 5 - 0,3 - 3 - 0,0.5,7 - 5 - 0,0.583,2 - 2 - 0,1W,3 - 2 - 0
2017,2017,Dolphins,6,10,0,0,0.375,281,393,-112,4 - 4 - 0,2 - 6 - 0,2 - 4 - 0,0.333,5 - 7 - 0,0.417,1 - 3 - 0,3L,2 - 3 - 0
2017,2017,Jets,5,11,0,0,0.313,298,382,-84,4 - 4 - 0,1 - 7 - 0,2 - 4 - 0,0.333,5 - 7 - 0,0.417,0 - 4 - 0,4L,1 - 4 - 0
2017,2017,Steelers,13,3,0,0,0.813,406,308,98,6 - 2 - 0,7 - 1 - 0,6 - 0 - 0,1,10 - 2 - 0,0.833,3 - 1 - 0,2W,4 - 1 - 0
2017,2017,Ravens,9,7,0,0,0.563,395,303,92,5 - 3 - 0,4 - 4 - 0,3 - 3 - 0,0.5,7 - 5 - 0,0.583,2 - 2 - 0,1L,3 - 2 - 0
2017,2017,Bengals,7,9,0,0,0.438,290,349,-59,4 - 4 - 0,3 - 5 - 0,3 - 3 - 0,0.5,6 - 6 - 0,0.5,1 - 3 - 0,2W,2 - 3 - 0
2017,2017,Browns,0,16,0,0,0,234,410,-176,0 - 8 - 0,0 - 8 - 0,0 - 6 - 0,0,0 - 12 - 0,0,0 - 4 - 0,16L,0 - 5 - 0
2017,2017,Jaguars,10,6,0,0,0.625,417,268,149,6 - 2 - 0,4 - 4 - 0,4 - 2 - 0,0.667,9 - 3 - 0,0.75,1 - 3 - 0,2L,3 - 2 - 0
2017,2017,Titans,9,7,0,0,0.563,334,356,-22,6 - 2 - 0,3 - 5 - 0,5 - 1 - 0,0.833,8 - 4 - 0,0.667,1 - 3 - 0,1W,2 - 3 - 0
2017,2017,Colts,4,12,0,0,0.25,263,404,-141,3 - 5 - 0,1 - 7 - 0,2 - 4 - 0,0.333,3 - 9 - 0,0.25,1 - 3 - 0,1W,1 - 4 - 0
2017,2017,Texans,4,12,0,0,0.25,338,436,-98,3 - 5 - 0,1 - 7 - 0,1 - 5 - 0,0.167,3 - 9 - 0,0.25,1 - 3 - 0,6L,0 - 5 - 0
2017,2017,Chiefs,10,6,0,0,0.625,415,339,76,6 - 2 - 0,4 - 4 - 0,5 - 1 - 0,0.833,8 - 4 - 0,0.667,2 - 2 - 0,4W,4 - 1 - 0
2017,2017,Chargers,9,7,0,0,0.563,355,272,83,5 - 3 - 0,4 - 4 - 0,3 - 3 - 0,0.5,6 - 6 - 0,0.5,3 - 1 - 0,2W,4 - 1 - 0
2017,2017,Raiders,6,10,0,0,0.375,301,373,-72,4 - 4 - 0,2 - 6 - 0,2 - 4 - 0,0.333,5 - 7 - 0,0.417,1 - 3 - 0,4L,1 - 4 - 0
2017,2017,Broncos,5,11,0,0,0.313,289,382,-93,4 - 4 - 0,1 - 7 - 0,2 - 4 - 0,0.333,4 - 8 - 0,0.333,1 - 3 - 0,2L,2 - 3 - 0
2017,2017,Eagles,13,3,0,0,0.813,457,295,162,7 - 1 - 0,6 - 2 - 0,5 - 1 - 0,0.833,10 - 2 - 0,0.833,3 - 1 - 0,1L,3 - 2 - 0
2017,2017,Cowboys,9,7,0,0,0.563,354,332,22,3 - 5 - 0,6 - 2 - 0,5 - 1 - 0,0.833,7 - 5 - 0,0.583,2 - 2 - 0,1W,4 - 1 - 0
2017,2017,Redskins,7,9,0,0,0.438,342,388,-46,5 - 3 - 0,2 - 6 - 0,1 - 5 - 0,0.167,5 - 7 - 0,0.417,2 - 2 - 0,1L,2 - 3 - 0
2017,2017,Giants,3,13,0,0,0.188,246,388,-142,2 - 6 - 0,1 - 7 - 0,1 - 5 - 0,0.167,1 - 11 - 0,0.083,2 - 2 - 0,1W,1 - 4 - 0
2017,2017,Vikings,13,3,0,0,0.813,382,252,130,7 - 1 - 0,6 - 2 - 0,5 - 1 - 0,0.833,10 - 2 - 0,0.833,3 - 1 - 0,3W,4 - 1 - 0
2017,2017,Lions,9,7,0,0,0.563,410,376,34,4 - 4 - 0,5 - 3 - 0,5 - 1 - 0,0.833,8 - 4 - 0,0.667,1 - 3 - 0,1W,3 - 2 - 0
2017,2017,Packers,7,9,0,0,0.438,320,384,-64,4 - 4 - 0,3 - 5 - 0,2 - 4 - 0,0.333,5 - 7 - 0,0.417,2 - 2 - 0,3L,2 - 3 - 0
2017,2017,Bears,5,11,0,0,0.313,264,320,-56,3 - 5 - 0,2 - 6 - 0,0 - 6 - 0,0,1 - 11 - 0,0.083,4 - 0 - 0,1L,2 - 3 - 0
2017,2017,Saints,11,5,0,0,0.688,448,326,122,7 - 1 - 0,4 - 4 - 0,4 - 2 - 0,0.667,8 - 4 - 0,0.667,3 - 1 - 0,1L,3 - 2 - 0
2017,2017,Panthers,11,5,0,0,0.688,363,327,36,6 - 2 - 0,5 - 3 - 0,3 - 3 - 0,0.5,7 - 5 - 0,0.583,4 - 0 - 0,1L,3 - 2 - 0
2017,2017,Falcons,10,6,0,0,0.625,353,315,38,5 - 3 - 0,5 - 3 - 0,4 - 2 - 0,0.667,9 - 3 - 0,0.75,1 - 3 - 0,1W,3 - 2 - 0
2017,2017,Buccaneers,5,11,0,0,0.313,335,382,-47,4 - 4 - 0,1 - 7 - 0,1 - 5 - 0,0.167,3 - 9 - 0,0.25,2 - 2 - 0,1W,1 - 4 - 0
2017,2017,Rams,11,5,0,0,0.688,478,329,149,4 - 4 - 0,7 - 1 - 0,4 - 2 - 0,0.667,7 - 5 - 0,0.583,4 - 0 - 0,1L,3 - 2 - 0
2017,2017,Seahawks,9,7,0,0,0.563,366,332,34,4 - 4 - 0,5 - 3 - 0,4 - 2 - 0,0.667,7 - 5 - 0,0.583,2 - 2 - 0,1L,2 - 3 - 0
2017,2017,Cardinals,8,8,0,0,0.5,295,361,-66,5 - 3 - 0,3 - 5 - 0,3 - 3 - 0,0.5,5 - 7 - 0,0.417,3 - 1 - 0,2W,3 - 2 - 0
2017,2017,49ers,6,10,0,0,0.375,331,383,-52,3 - 5 - 0,3 - 5 - 0,1 - 5 - 0,0.167,3 - 9 - 0,0.25,3 - 1 - 0,5W,5 - 0 - 0
2016,2016,Patriots,14,2,0,0,0.875,441,250,191,6 - 2 - 0,8 - 0 - 0,5 - 1 - 0,0.833,11 - 1 - 0,0.917,3 - 1 - 0,7W,5 - 0 - 0
2016,2016,Dolphins,10,6,0,0,0.625,363,380,-17,6 - 2 - 0,4 - 4 - 0,4 - 2 - 0,0.667,7 - 5 - 0,0.583,3 - 1 - 0,1L,3 - 2 - 0
2016,2016,Bills,7,9,0,0,0.438,399,378,21,4 - 4 - 0,3 - 5 - 0,1 - 5 - 0,0.167,4 - 8 - 0,0.333,3 - 1 - 0,2L,1 - 4 - 0
2016,2016,Jets,5,11,0,0,0.313,275,409,-134,2 - 6 - 0,3 - 5 - 0,2 - 4 - 0,0.333,4 - 8 - 0,0.333,1 - 3 - 0,1W,2 - 3 - 0
2016,2016,Steelers,11,5,0,0,0.688,399,327,72,6 - 2 - 0,5 - 3 - 0,5 - 1 - 0,0.833,9 - 3 - 0,0.75,2 - 2 - 0,7W,5 - 0 - 0
2016,2016,Ravens,8,8,0,0,0.5,343,321,22,6 - 2 - 0,2 - 6 - 0,4 - 2 - 0,0.667,7 - 5 - 0,0.583,1 - 3 - 0,2L,2 - 3 - 0
2016,2016,Bengals,6,9,1,0,0.406,325,315,10,4 - 3 - 1,2 - 6 - 0,3 - 3 - 0,0.5,5 - 7 - 0,0.417,1 - 2 - 1,1W,3 - 2 - 0
2016,2016,Browns,1,15,0,0,0.063,264,452,-188,1 - 7 - 0,0 - 8 - 0,0 - 6 - 0,0,1 - 11 - 0,0.083,0 - 4 - 0,1L,1 - 4 - 0
2016,2016,Texans,9,7,0,0,0.563,279,328,-49,7 - 1 - 0,2 - 6 - 0,5 - 1 - 0,0.833,7 - 5 - 0,0.583,2 - 2 - 0,1L,3 - 2 - 0
2016,2016,Titans,9,7,0,0,0.563,381,378,3,5 - 3 - 0,4 - 4 - 0,2 - 4 - 0,0.333,6 - 6 - 0,0.5,3 - 1 - 0,1W,4 - 1 - 0
2016,2016,Colts,8,8,0,0,0.5,411,392,19,4 - 4 - 0,4 - 4 - 0,3 - 3 - 0,0.5,5 - 7 - 0,0.417,3 - 1 - 0,1W,3 - 2 - 0
2016,2016,Jaguars,3,13,0,0,0.188,318,400,-82,2 - 6 - 0,1 - 7 - 0,2 - 4 - 0,0.333,2 - 10 - 0,0.167,1 - 3 - 0,1L,1 - 4 - 0
2016,2016,Chiefs,12,4,0,0,0.75,389,311,78,6 - 2 - 0,6 - 2 - 0,6 - 0 - 0,1,9 - 3 - 0,0.75,3 - 1 - 0,2W,4 - 1 - 0
2016,2016,Raiders,12,4,0,0,0.75,416,385,31,6 - 2 - 0,6 - 2 - 0,3 - 3 - 0,0.5,9 - 3 - 0,0.75,3 - 1 - 0,1L,3 - 2 - 0
2016,2016,Broncos,9,7,0,1,0.563,333,297,36,5 - 3 - 0,4 - 4 - 0,2 - 4 - 0,0.333,6 - 6 - 0,0.5,3 - 1 - 0,1W,2 - 3 - 0
2016,2016,Chargers,5,11,0,0,0.313,410,423,-13,3 - 5 - 0,2 - 6 - 0,1 - 5 - 0,0.167,4 - 8 - 0,0.333,1 - 3 - 0,5L,0 - 5 - 0
2016,2016,Cowboys,13,3,0,0,0.813,421,306,115,7 - 1 - 0,6 - 2 - 0,3 - 3 - 0,0.5,9 - 3 - 0,0.75,4 - 0 - 0,1L,3 - 2 - 0
2016,2016,Giants,11,5,0,0,0.688,310,284,26,7 - 1 - 0,4 - 4 - 0,4 - 2 - 0,0.667,8 - 4 - 0,0.667,3 - 1 - 0,1W,3 - 2 - 0
2016,2016,Redskins,8,7,1,0,0.531,396,383,13,4 - 4 - 0,4 - 3 - 1,3 - 3 - 0,0.5,6 - 6 - 0,0.5,2 - 1 - 1,1L,2 - 3 - 0
2016,2016,Eagles,7,9,0,0,0.438,367,331,36,6 - 2 - 0,1 - 7 - 0,2 - 4 - 0,0.333,5 - 7 - 0,0.417,2 - 2 - 0,2W,2 - 3 - 0
2016,2016,Packers,10,6,0,0,0.625,432,388,44,6 - 2 - 0,4 - 4 - 0,5 - 1 - 0,0.833,8 - 4 - 0,0.667,2 - 2 - 0,6W,5 - 0 - 0
2016,2016,Lions,9,7,0,0,0.563,346,358,-12,6 - 2 - 0,3 - 5 - 0,3 - 3 - 0,0.5,7 - 5 - 0,0.583,2 - 2 - 0,3L,2 - 3 - 0
2016,2016,Vikings,8,8,0,0,0.5,327,307,20,5 - 3 - 0,3 - 5 - 0,2 - 4 - 0,0.333,5 - 7 - 0,0.417,3 - 1 - 0,1W,2 - 3 - 0
2016,2016,Bears,3,13,0,0,0.188,279,399,-120,3 - 5 - 0,0 - 8 - 0,2 - 4 - 0,0.333,3 - 9 - 0,0.25,0 - 4 - 0,4L,1 - 4 - 0
2016,2016,Falcons,11,5,0,0,0.688,540,406,134,5 - 3 - 0,6 - 2 - 0,5 - 1 - 0,0.833,9 - 3 - 0,0.75,2 - 2 - 0,4W,4 - 1 - 0
2016,2016,Buccaneers,9,7,0,0,0.563,354,369,-15,4 - 4 - 0,5 - 3 - 0,4 - 2 - 0,0.667,7 - 5 - 0,0.583,2 - 2 - 0,1W,3 - 2 - 0
2016,2016,Saints,7,9,0,0,0.438,469,454,15,4 - 4 - 0,3 - 5 - 0,2 - 4 - 0,0.333,6 - 6 - 0,0.5,1 - 3 - 0,1L,2 - 3 - 0
2016,2016,Panthers,6,10,0,0,0.375,369,402,-33,4 - 4 - 0,2 - 6 - 0,1 - 5 - 0,0.167,5 - 7 - 0,0.417,1 - 3 - 0,2L,2 - 3 - 0
2016,2016,Seahawks,10,5,1,0,0.656,354,292,62,7 - 1 - 0,3 - 4 - 1,3 - 2 - 1,0.583,6 - 5 - 1,0.542,4 - 0 - 0,1W,3 - 2 - 0
2016,2016,Cardinals,7,8,1,0,0.469,418,362,56,4 - 3 - 1,3 - 5 - 0,4 - 1 - 1,0.75,6 - 5 - 1,0.542,1 - 3 - 0,2W,3 - 2 - 0
2016,2016,Rams,4,12,0,0,0.25,224,394,-170,1 - 7 - 0,3 - 5 - 0,2 - 4 - 0,0.333,3 - 9 - 0,0.25,1 - 3 - 0,7L,0 - 5 - 0
2016,2016,49ers,2,14,0,0,0.125,309,480,-171,1 - 7 - 0,1 - 7 - 0,2 - 4 - 0,0.333,2 - 10 - 0,0.167,0 - 4 - 0,1L,1 - 4 - 0
2015,2015,Patriots,12,4,0,1,0.75,465,315,150,7 - 1 - 0,5 - 3 - 0,4 - 2 - 0,0.667,9 - 3 - 0,0.75,3 - 1 - 0,2L,2 - 3 - 0
2015,2015,Jets,10,6,0,0,0.625,387,314,73,6 - 2 - 0,4 - 4 - 0,3 - 3 - 0,0.5,7 - 5 - 0,0.583,3 - 1 - 0,1L,4 - 1 - 0
2015,2015,Bills,8,8,0,0,0.5,379,359,20,5 - 3 - 0,3 - 5 - 0,4 - 2 - 0,0.667,7 - 5 - 0,0.583,1 - 3 - 0,2W,3 - 2 - 0
2015,2015,Dolphins,6,10,0,0,0.375,310,389,-79,3 - 5 - 0,3 - 5 - 0,1 - 5 - 0,0.167,4 - 8 - 0,0.333,2 - 2 - 0,1W,2 - 3 - 0
2015,2015,Bengals,12,4,0,0,0.75,419,279,140,6 - 2 - 0,6 - 2 - 0,5 - 1 - 0,0.833,9 - 3 - 0,0.75,3 - 1 - 0,1W,3 - 2 - 0
2015,2015,Steelers,10,6,0,0,0.625,423,319,104,6 - 2 - 0,4 - 4 - 0,3 - 3 - 0,0.5,7 - 5 - 0,0.583,3 - 1 - 0,1W,4 - 1 - 0
2015,2015,Ravens,5,11,0,0,0.313,328,401,-73,3 - 5 - 0,2 - 6 - 0,3 - 3 - 0,0.5,4 - 8 - 0,0.333,1 - 3 - 0,1L,1 - 4 - 0
2015,2015,Browns,3,13,0,0,0.188,278,432,-154,2 - 6 - 0,1 - 7 - 0,1 - 5 - 0,0.167,2 - 10 - 0,0.167,1 - 3 - 0,3L,1 - 4 - 0
2015,2015,Texans,9,7,0,0,0.563,339,313,26,5 - 3 - 0,4 - 4 - 0,5 - 1 - 0,0.833,7 - 5 - 0,0.583,2 - 2 - 0,3W,3 - 2 - 0
2015,2015,Colts,8,8,0,0,0.5,333,408,-75,4 - 4 - 0,4 - 4 - 0,4 - 2 - 0,0.667,6 - 6 - 0,0.5,2 - 2 - 0,2W,2 - 3 - 0
2015,2015,Jaguars,5,11,0,0,0.313,376,448,-72,4 - 4 - 0,1 - 7 - 0,2 - 4 - 0,0.333,5 - 7 - 0,0.417,0 - 4 - 0,3L,1 - 4 - 0
2015,2015,Titans,3,13,0,0,0.188,299,423,-124,1 - 7 - 0,2 - 6 - 0,1 - 5 - 0,0.167,1 - 11 - 0,0.083,2 - 2 - 0,4L,1 - 4 - 0
2015,2015,Broncos,12,4,0,0,0.75,355,296,59,6 - 2 - 0,6 - 2 - 0,4 - 2 - 0,0.667,8 - 4 - 0,0.667,4 - 0 - 0,2W,3 - 2 - 0
2015,2015,Chiefs,11,5,0,0,0.688,405,287,118,6 - 2 - 0,5 - 3 - 0,5 - 1 - 0,0.833,10 - 2 - 0,0.833,1 - 3 - 0,10W,5 - 0 - 0
2015,2015,Raiders,7,9,0,0,0.438,359,399,-40,3 - 5 - 0,4 - 4 - 0,3 - 3 - 0,0.5,7 - 5 - 0,0.583,0 - 4 - 0,1L,2 - 3 - 0
2015,2015,Chargers,4,12,0,0,0.25,320,398,-78,3 - 5 - 0,1 - 7 - 0,0 - 6 - 0,0,3 - 9 - 0,0.25,1 - 3 - 0,2L,1 - 4 - 0
2015,2015,Redskins,9,7,0,0,0.563,388,379,9,6 - 2 - 0,3 - 5 - 0,4 - 2 - 0,0.667,8 - 4 - 0,0.667,1 - 3 - 0,4W,4 - 1 - 0
2015,2015,Eagles,7,9,0,0,0.438,377,430,-53,3 - 5 - 0,4 - 4 - 0,3 - 3 - 0,0.5,4 - 8 - 0,0.333,3 - 1 - 0,1W,3 - 2 - 0
2015,2015,Giants,6,10,0,0,0.375,420,442,-22,3 - 5 - 0,3 - 5 - 0,2 - 4 - 0,0.333,4 - 8 - 0,0.333,2 - 2 - 0,3L,1 - 4 - 0
2015,2015,Cowboys,4,12,0,0,0.25,275,374,-99,1 - 7 - 0,3 - 5 - 0,3 - 3 - 0,0.5,3 - 9 - 0,0.25,1 - 3 - 0,4L,1 - 4 - 0
2015,2015,Vikings,11,5,0,0,0.688,365,302,63,6 - 2 - 0,5 - 3 - 0,5 - 1 - 0,0.833,8 - 4 - 0,0.667,3 - 1 - 0,3W,3 - 2 - 0
2015,2015,Packers,10,6,0,0,0.625,368,323,45,5 - 3 - 0,5 - 3 - 0,3 - 3 - 0,0.5,7 - 5 - 0,0.583,3 - 1 - 0,2L,3 - 2 - 0
2015,2015,Lions,7,9,0,0,0.438,358,400,-42,4 - 4 - 0,3 - 5 - 0,3 - 3 - 0,0.5,6 - 6 - 0,0.5,1 - 3 - 0,3W,3 - 2 - 0
2015,2015,Bears,6,10,0,0,0.375,335,397,-62,1 - 7 - 0,5 - 3 - 0,1 - 5 - 0,0.167,3 - 9 - 0,0.25,3 - 1 - 0,1L,1 - 4 - 0
2015,2015,Panthers,15,1,0,0,0.938,500,308,192,8 - 0 - 0,7 - 1 - 0,5 - 1 - 0,0.833,11 - 1 - 0,0.917,4 - 0 - 0,1W,4 - 1 - 0
2015,2015,Falcons,8,8,0,0,0.5,339,345,-6,4 - 4 - 0,4 - 4 - 0,1 - 5 - 0,0.167,5 - 7 - 0,0.417,3 - 1 - 0,1L,2 - 3 - 0
2015,2015,Saints,7,9,0,0,0.438,408,476,-68,4 - 4 - 0,3 - 5 - 0,3 - 3 - 0,0.5,5 - 7 - 0,0.417,2 - 2 - 0,2W,3 - 2 - 0
2015,2015,Buccaneers,6,10,0,0,0.375,342,417,-75,3 - 5 - 0,3 - 5 - 0,3 - 3 - 0,0.5,5 - 7 - 0,0.417,1 - 3 - 0,4L,1 - 4 - 0
2015,2015,Cardinals,13,3,0,0,0.813,489,313,176,6 - 2 - 0,7 - 1 - 0,4 - 2 - 0,0.667,10 - 2 - 0,0.833,3 - 1 - 0,1L,4 - 1 - 0
2015,2015,Seahawks,10,6,0,0,0.625,423,277,146,5 - 3 - 0,5 - 3 - 0,3 - 3 - 0,0.5,7 - 5 - 0,0.583,3 - 1 - 0,1W,4 - 1 - 0
2015,2015,Rams,7,9,0,0,0.438,280,330,-50,5 - 3 - 0,2 - 6 - 0,4 - 2 - 0,0.667,6 - 6 - 0,0.5,1 - 3 - 0,1L,3 - 2 - 0
2015,2015,49ers,5,11,0,0,0.313,238,387,-149,4 - 4 - 0,1 - 7 - 0,1 - 5 - 0,0.167,4 - 8 - 0,0.333,1 - 3 - 0,1W,2 - 3 - 0
2014,2014,Patriots,12,4,0,0,0.75,468,313,155,7 - 1 - 0,5 - 3 - 0,4 - 2 - 0,0.667,9 - 3 - 0,0.75,3 - 1 - 0,1L,3 - 2 - 0
2014,2014,Bills,9,7,0,0,0.563,343,289,54,5 - 3 - 0,4 - 4 - 0,4 - 2 - 0,0.667,5 - 7 - 0,0.417,4 - 0 - 0,1W,3 - 2 - 0
2014,2014,Dolphins,8,8,0,0,0.5,388,373,15,4 - 4 - 0,4 - 4 - 0,3 - 3 - 0,0.5,6 - 6 - 0,0.5,2 - 2 - 0,1L,2 - 3 - 0
2014,2014,Jets,4,12,0,0,0.25,283,401,-118,2 - 6 - 0,2 - 6 - 0,1 - 5 - 0,0.167,4 - 8 - 0,0.333,0 - 4 - 0,1W,2 - 3 - 0
2014,2014,Steelers,11,5,0,0,0.688,436,368,68,6 - 2 - 0,5 - 3 - 0,4 - 2 - 0,0.667,9 - 3 - 0,0.75,2 - 2 - 0,4W,4 - 1 - 0
2014,2014,Bengals,10,5,1,0,0.656,365,344,21,5 - 2 - 1,5 - 3 - 0,3 - 3 - 0,0.5,7 - 5 - 0,0.583,3 - 0 - 1,1L,3 - 2 - 0
2014,2014,Ravens,10,6,0,0,0.625,409,302,107,6 - 2 - 0,4 - 4 - 0,3 - 3 - 0,0.5,6 - 6 - 0,0.5,4 - 0 - 0,1W,3 - 2 - 0
2014,2014,Browns,7,9,0,0,0.438,299,337,-38,4 - 4 - 0,3 - 5 - 0,2 - 4 - 0,0.333,4 - 8 - 0,0.333,3 - 1 - 0,5L,0 - 5 - 0
2014,2014,Colts,11,5,0,0,0.688,458,369,89,6 - 2 - 0,5 - 3 - 0,6 - 0 - 0,1,9 - 3 - 0,0.75,2 - 2 - 0,1W,4 - 1 - 0
2014,2014,Texans,9,7,0,0,0.563,372,307,65,5 - 3 - 0,4 - 4 - 0,4 - 2 - 0,0.667,8 - 4 - 0,0.667,1 - 3 - 0,2W,4 - 1 - 0
2014,2014,Jaguars,3,13,0,0,0.188,249,412,-163,3 - 5 - 0,0 - 8 - 0,1 - 5 - 0,0.167,2 - 10 - 0,0.167,1 - 3 - 0,1L,2 - 3 - 0
2014,2014,Titans,2,14,0,0,0.125,254,438,-184,1 - 7 - 0,1 - 7 - 0,1 - 5 - 0,0.167,2 - 10 - 0,0.167,0 - 4 - 0,10L,0 - 5 - 0
2014,2014,Broncos,12,4,0,0,0.75,482,354,128,8 - 0 - 0,4 - 4 - 0,6 - 0 - 0,1,10 - 2 - 0,0.833,2 - 2 - 0,1W,4 - 1 - 0
2014,2014,Chiefs,9,7,0,0,0.563,353,281,72,6 - 2 - 0,3 - 5 - 0,3 - 3 - 0,0.5,7 - 5 - 0,0.583,2 - 2 - 0,1W,2 - 3 - 0
2014,2014,Chargers,9,7,0,0,0.563,348,348,0,5 - 3 - 0,4 - 4 - 0,2 - 4 - 0,0.333,6 - 6 - 0,0.5,3 - 1 - 0,1L,2 - 3 - 0
2014,2014,Raiders,3,13,0,0,0.188,253,452,-199,3 - 5 - 0,0 - 8 - 0,1 - 5 - 0,0.167,2 - 10 - 0,0.167,1 - 3 - 0,1L,2 - 3 - 0
2014,2014,Cowboys,12,4,0,0,0.75,467,352,115,4 - 4 - 0,8 - 0 - 0,4 - 2 - 0,0.667,8 - 4 - 0,0.667,4 - 0 - 0,4W,4 - 1 - 0
2014,2014,Eagles,10,6,0,0,0.625,474,400,74,6 - 2 - 0,4 - 4 - 0,4 - 2 - 0,0.667,6 - 6 - 0,0.5,4 - 0 - 0,1W,2 - 3 - 0
2014,2014,Giants,6,10,0,0,0.375,380,400,-20,3 - 5 - 0,3 - 5 - 0,2 - 4 - 0,0.333,4 - 8 - 0,0.333,2 - 2 - 0,1L,3 - 2 - 0
2014,2014,Redskins,4,12,0,0,0.25,301,438,-137,3 - 5 - 0,1 - 7 - 0,2 - 4 - 0,0.333,2 - 10 - 0,0.167,2 - 2 - 0,1L,1 - 4 - 0
2014,2014,Packers,12,4,0,0,0.75,486,348,138,8 - 0 - 0,4 - 4 - 0,5 - 1 - 0,0.833,9 - 3 - 0,0.75,3 - 1 - 0,2W,4 - 1 - 0
2014,2014,Lions,11,5,0,0,0.688,321,282,39,7 - 1 - 0,4 - 4 - 0,5 - 1 - 0,0.833,9 - 3 - 0,0.75,2 - 2 - 0,1L,4 - 1 - 0
2014,2014,Vikings,7,9,0,0,0.438,325,343,-18,5 - 3 - 0,2 - 6 - 0,1 - 5 - 0,0.167,6 - 6 - 0,0.5,1 - 3 - 0,1W,3 - 2 - 0
2014,2014,Bears,5,11,0,0,0.313,319,442,-123,2 - 6 - 0,3 - 5 - 0,1 - 5 - 0,0.167,4 - 8 - 0,0.333,1 - 3 - 0,5L,0 - 5 - 0
2014,2014,Panthers,7,8,1,0,0.469,339,374,-35,4 - 4 - 0,3 - 4 - 1,4 - 2 - 0,0.667,6 - 6 - 0,0.5,1 - 2 - 1,4W,4 - 1 - 0
2014,2014,Saints,7,9,0,0,0.438,401,424,-23,3 - 5 - 0,4 - 4 - 0,3 - 3 - 0,0.5,6 - 6 - 0,0.5,1 - 3 - 0,1W,3 - 2 - 0
2014,2014,Falcons,6,10,0,0,0.375,381,417,-36,3 - 5 - 0,3 - 5 - 0,5 - 1 - 0,0.833,6 - 6 - 0,0.5,0 - 4 - 0,1L,2 - 3 - 0
2014,2014,Buccaneers,2,14,0,0,0.125,277,410,-133,0 - 8 - 0,2 - 6 - 0,0 - 6 - 0,0,1 - 11 - 0,0.083,1 - 3 - 0,6L,0 - 5 - 0
2014,2014,Seahawks,12,4,0,1,0.75,394,254,140,7 - 1 - 0,5 - 3 - 0,5 - 1 - 0,0.833,10 - 2 - 0,0.833,2 - 2 - 0,6W,5 - 0 - 0
2014,2014,Cardinals,11,5,0,0,0.688,310,299,11,7 - 1 - 0,4 - 4 - 0,3 - 3 - 0,0.5,8 - 4 - 0,0.667,3 - 1 - 0,2L,2 - 3 - 0
2014,2014,49ers,8,8,0,0,0.5,306,340,-34,4 - 4 - 0,4 - 4 - 0,2 - 4 - 0,0.333,7 - 5 - 0,0.583,1 - 3 - 0,1W,1 - 4 - 0
2014,2014,Rams,6,10,0,0,0.375,324,354,-30,3 - 5 - 0,3 - 5 - 0,2 - 4 - 0,0.333,4 - 8 - 0,0.333,2 - 2 - 0,3L,2 - 3 - 0
2013,2013,Patriots,12,4,0,0,0.75,444,338,106,8 - 0 - 0,4 - 4 - 0,4 - 2 - 0,0.667,9 - 3 - 0,0.75,3 - 1 - 0,2W,4 - 1 - 0
2013,2013,Jets,8,8,0,0,0.5,290,387,-97,6 - 2 - 0,2 - 6 - 0,3 - 3 - 0,0.5,5 - 7 - 0,0.417,3 - 1 - 0,2W,3 - 2 - 0
2013,2013,Dolphins,8,8,0,0,0.5,317,335,-18,4 - 4 - 0,4 - 4 - 0,2 - 4 - 0,0.333,7 - 5 - 0,0.583,1 - 3 - 0,2L,3 - 2 - 0
2013,2013,Bills,6,10,0,0,0.375,339,388,-49,4 - 4 - 0,2 - 6 - 0,3 - 3 - 0,0.5,5 - 7 - 0,0.417,1 - 3 - 0,1L,2 - 3 - 0
2013,2013,Bengals,11,5,0,0,0.688,430,305,125,8 - 0 - 0,3 - 5 - 0,3 - 3 - 0,0.5,8 - 4 - 0,0.667,3 - 1 - 0,2W,4 - 1 - 0
2013,2013,Steelers,8,8,0,0,0.5,379,370,9,5 - 3 - 0,3 - 5 - 0,4 - 2 - 0,0.667,6 - 6 - 0,0.5,2 - 2 - 0,3W,3 - 2 - 0
2013,2013,Ravens,8,8,0,1,0.5,320,352,-32,6 - 2 - 0,2 - 6 - 0,3 - 3 - 0,0.5,6 - 6 - 0,0.5,2 - 2 - 0,2L,3 - 2 - 0
2013,2013,Browns,4,12,0,0,0.25,308,406,-98,3 - 5 - 0,1 - 7 - 0,2 - 4 - 0,0.333,3 - 9 - 0,0.25,1 - 3 - 0,7L,0 - 5 - 0
2013,2013,Colts,11,5,0,0,0.688,391,336,55,6 - 2 - 0,5 - 3 - 0,6 - 0 - 0,1,9 - 3 - 0,0.75,2 - 2 - 0,3W,4 - 1 - 0
2013,2013,Titans,7,9,0,0,0.438,362,381,-19,3 - 5 - 0,4 - 4 - 0,2 - 4 - 0,0.333,6 - 6 - 0,0.5,1 - 3 - 0,2W,2 - 3 - 0
2013,2013,Jaguars,4,12,0,0,0.25,247,449,-202,1 - 7 - 0,3 - 5 - 0,3 - 3 - 0,0.5,4 - 8 - 0,0.333,0 - 4 - 0,3L,2 - 3 - 0
2013,2013,Texans,2,14,0,0,0.125,276,428,-152,1 - 7 - 0,1 - 7 - 0,1 - 5 - 0,0.167,2 - 10 - 0,0.167,0 - 4 - 0,14L,0 - 5 - 0
2013,2013,Broncos,13,3,0,0,0.813,606,399,207,7 - 1 - 0,6 - 2 - 0,5 - 1 - 0,0.833,9 - 3 - 0,0.75,4 - 0 - 0,2W,4 - 1 - 0
2013,2013,Chiefs,11,5,0,0,0.688,430,305,125,5 - 3 - 0,6 - 2 - 0,2 - 4 - 0,0.333,7 - 5 - 0,0.583,4 - 0 - 0,2L,2 - 3 - 0
2013,2013,Chargers,9,7,0,0,0.563,396,348,48,5 - 3 - 0,4 - 4 - 0,4 - 2 - 0,0.667,6 - 6 - 0,0.5,3 - 1 - 0,4W,4 - 1 - 0
2013,2013,Raiders,4,12,0,0,0.25,322,453,-131,3 - 5 - 0,1 - 7 - 0,1 - 5 - 0,0.167,4 - 8 - 0,0.333,0 - 4 - 0,6L,0 - 5 - 0
2013,2013,Eagles,10,6,0,0,0.625,442,382,60,4 - 4 - 0,6 - 2 - 0,4 - 2 - 0,0.667,9 - 3 - 0,0.75,1 - 3 - 0,2W,4 - 1 - 0
2013,2013,Cowboys,8,8,0,0,0.5,439,432,7,5 - 3 - 0,3 - 5 - 0,5 - 1 - 0,0.833,7 - 5 - 0,0.583,1 - 3 - 0,1L,2 - 3 - 0
2013,2013,Giants,7,9,0,0,0.438,294,383,-89,4 - 4 - 0,3 - 5 - 0,3 - 3 - 0,0.5,6 - 6 - 0,0.5,1 - 3 - 0,2W,3 - 2 - 0
2013,2013,Redskins,3,13,0,0,0.188,334,478,-144,2 - 6 - 0,1 - 7 - 0,0 - 6 - 0,0,1 - 11 - 0,0.083,2 - 2 - 0,8L,0 - 5 - 0
2013,2013,Packers,8,7,1,0,0.531,417,428,-11,4 - 3 - 1,4 - 4 - 0,3 - 2 - 1,0.583,6 - 5 - 1,0.542,2 - 2 - 0,1W,3 - 2 - 0
2013,2013,Bears,8,8,0,0,0.5,445,478,-33,5 - 3 - 0,3 - 5 - 0,2 - 4 - 0,0.333,4 - 8 - 0,0.333,4 - 0 - 0,2L,2 - 3 - 0
2013,2013,Lions,7,9,0,0,0.438,395,376,19,4 - 4 - 0,3 - 5 - 0,4 - 2 - 0,0.667,6 - 6 - 0,0.5,1 - 3 - 0,4L,1 - 4 - 0
2013,2013,Vikings,5,10,1,0,0.344,391,480,-89,5 - 3 - 0,0 - 7 - 1,2 - 3 - 1,0.417,4 - 7 - 1,0.375,1 - 3 - 0,1W,3 - 2 - 0
2013,2013,Panthers,12,4,0,0,0.75,366,241,125,7 - 1 - 0,5 - 3 - 0,5 - 1 - 0,0.833,9 - 3 - 0,0.75,3 - 1 - 0,3W,4 - 1 - 0
2013,2013,Saints,11,5,0,0,0.688,414,304,110,8 - 0 - 0,3 - 5 - 0,5 - 1 - 0,0.833,9 - 3 - 0,0.75,2 - 2 - 0,1W,2 - 3 - 0
2013,2013,Falcons,4,12,0,0,0.25,353,443,-90,3 - 5 - 0,1 - 7 - 0,1 - 5 - 0,0.167,3 - 9 - 0,0.25,1 - 3 - 0,2L,2 - 3 - 0
2013,2013,Buccaneers,4,12,0,0,0.25,288,389,-101,3 - 5 - 0,1 - 7 - 0,1 - 5 - 0,0.167,2 - 10 - 0,0.167,2 - 2 - 0,3L,1 - 4 - 0
2013,2013,Seahawks,13,3,0,0,0.813,417,231,186,7 - 1 - 0,6 - 2 - 0,4 - 2 - 0,0.667,10 - 2 - 0,0.833,3 - 1 - 0,1W,3 - 2 - 0
2013,2013,49ers,12,4,0,0,0.75,406,272,134,6 - 2 - 0,6 - 2 - 0,5 - 1 - 0,0.833,9 - 3 - 0,0.75,3 - 1 - 0,6W,5 - 0 - 0
2013,2013,Cardinals,10,6,0,0,0.625,379,324,55,6 - 2 - 0,4 - 4 - 0,2 - 4 - 0,0.333,6 - 6 - 0,0.5,4 - 0 - 0,1L,3 - 2 - 0
2013,2013,Rams,7,9,0,0,0.438,348,364,-16,5 - 3 - 0,2 - 6 - 0,1 - 5 - 0,0.167,4 - 8 - 0,0.333,3 - 1 - 0,1L,2 - 3 - 0
2012,2012,Patriots,12,4,0,0,0.75,557,331,226,6 - 2 - 0,6 - 2 - 0,6 - 0 - 0,1,11 - 1 - 0,0.917,1 - 3 - 0,2W,4 - 1 - 0
2012,2012,Dolphins,7,9,0,0,0.438,288,317,-29,5 - 3 - 0,2 - 6 - 0,2 - 4 - 0,0.333,5 - 7 - 0,0.417,2 - 2 - 0,1L,2 - 3 - 0
2012,2012,Jets,6,10,0,0,0.375,281,375,-94,3 - 5 - 0,3 - 5 - 0,2 - 4 - 0,0.333,4 - 8 - 0,0.333,2 - 2 - 0,3L,2 - 3 - 0
2012,2012,Bills,6,10,0,0,0.375,344,435,-91,4 - 4 - 0,2 - 6 - 0,2 - 4 - 0,0.333,5 - 7 - 0,0.417,1 - 3 - 0,1W,2 - 3 - 0
2012,2012,Ravens,10,6,0,0,0.625,398,344,54,6 - 2 - 0,4 - 4 - 0,4 - 2 - 0,0.667,8 - 4 - 0,0.667,2 - 2 - 0,1L,1 - 4 - 0
2012,2012,Bengals,10,6,0,0,0.625,391,320,71,4 - 4 - 0,6 - 2 - 0,3 - 3 - 0,0.5,7 - 5 - 0,0.583,3 - 1 - 0,3W,4 - 1 - 0
2012,2012,Steelers,8,8,0,0,0.5,336,314,22,5 - 3 - 0,3 - 5 - 0,3 - 3 - 0,0.5,5 - 7 - 0,0.417,3 - 1 - 0,1W,2 - 3 - 0
2012,2012,Browns,5,11,0,0,0.313,302,368,-66,4 - 4 - 0,1 - 7 - 0,2 - 4 - 0,0.333,5 - 7 - 0,0.417,0 - 4 - 0,3L,2 - 3 - 0
2012,2012,Texans,12,4,0,0,0.75,416,331,85,6 - 2 - 0,6 - 2 - 0,5 - 1 - 0,0.833,10 - 2 - 0,0.833,2 - 2 - 0,2L,2 - 3 - 0
2012,2012,Colts,11,5,0,0,0.688,357,387,-30,7 - 1 - 0,4 - 4 - 0,4 - 2 - 0,0.667,8 - 4 - 0,0.667,3 - 1 - 0,2W,4 - 1 - 0
2012,2012,Titans,6,10,0,0,0.375,330,471,-141,4 - 4 - 0,2 - 6 - 0,1 - 5 - 0,0.167,5 - 7 - 0,0.417,1 - 3 - 0,1W,2 - 3 - 0
2012,2012,Jaguars,2,14,0,0,0.125,255,444,-189,1 - 7 - 0,1 - 7 - 0,2 - 4 - 0,0.333,2 - 10 - 0,0.167,0 - 4 - 0,5L,0 - 5 - 0
2012,2012,Broncos,13,3,0,0,0.813,481,289,192,7 - 1 - 0,6 - 2 - 0,6 - 0 - 0,1,10 - 2 - 0,0.833,3 - 1 - 0,11W,5 - 0 - 0
2012,2012,Chargers,7,9,0,0,0.438,350,350,0,3 - 5 - 0,4 - 4 - 0,4 - 2 - 0,0.667,7 - 5 - 0,0.583,0 - 4 - 0,2W,3 - 2 - 0
2012,2012,Raiders,4,12,0,0,0.25,290,443,-153,3 - 5 - 0,1 - 7 - 0,2 - 4 - 0,0.333,4 - 8 - 0,0.333,0 - 4 - 0,2L,1 - 4 - 0
2012,2012,Chiefs,2,14,0,0,0.125,211,425,-214,1 - 7 - 0,1 - 7 - 0,0 - 6 - 0,0,0 - 12 - 0,0,2 - 2 - 0,4L,1 - 4 - 0
2012,2012,Redskins,10,6,0,0,0.625,436,388,48,5 - 3 - 0,5 - 3 - 0,5 - 1 - 0,0.833,8 - 4 - 0,0.667,2 - 2 - 0,7W,5 - 0 - 0
2012,2012,Giants,9,7,0,1,0.563,429,344,85,6 - 2 - 0,3 - 5 - 0,3 - 3 - 0,0.5,8 - 4 - 0,0.667,1 - 3 - 0,1W,2 - 3 - 0
2012,2012,Cowboys,8,8,0,0,0.5,376,400,-24,4 - 4 - 0,4 - 4 - 0,3 - 3 - 0,0.5,5 - 7 - 0,0.417,3 - 1 - 0,2L,3 - 2 - 0
2012,2012,Eagles,4,12,0,0,0.25,280,444,-164,2 - 6 - 0,2 - 6 - 0,1 - 5 - 0,0.167,2 - 10 - 0,0.167,2 - 2 - 0,3L,1 - 4 - 0
2012,2012,Packers,11,5,0,0,0.688,433,336,97,7 - 1 - 0,4 - 4 - 0,5 - 1 - 0,0.833,8 - 4 - 0,0.667,3 - 1 - 0,1L,4 - 1 - 0
2012,2012,Vikings,10,6,0,0,0.625,379,348,31,7 - 1 - 0,3 - 5 - 0,4 - 2 - 0,0.667,7 - 5 - 0,0.583,3 - 1 - 0,4W,4 - 1 - 0
2012,2012,Bears,10,6,0,0,0.625,375,277,98,5 - 3 - 0,5 - 3 - 0,3 - 3 - 0,0.5,7 - 5 - 0,0.583,3 - 1 - 0,2W,2 - 3 - 0
2012,2012,Lions,4,12,0,0,0.25,372,437,-65,2 - 6 - 0,2 - 6 - 0,0 - 6 - 0,0,3 - 9 - 0,0.25,1 - 3 - 0,8L,0 - 5 - 0
2012,2012,Falcons,13,3,0,0,0.813,419,299,120,7 - 1 - 0,6 - 2 - 0,3 - 3 - 0,0.5,9 - 3 - 0,0.75,4 - 0 - 0,1L,3 - 2 - 0
2012,2012,Panthers,7,9,0,0,0.438,357,363,-6,3 - 5 - 0,4 - 4 - 0,3 - 3 - 0,0.5,5 - 7 - 0,0.417,2 - 2 - 0,4W,4 - 1 - 0
2012,2012,Saints,7,9,0,0,0.438,461,454,7,4 - 4 - 0,3 - 5 - 0,3 - 3 - 0,0.5,5 - 7 - 0,0.417,2 - 2 - 0,1L,2 - 3 - 0
2012,2012,Buccaneers,7,9,0,0,0.438,389,394,-5,3 - 5 - 0,4 - 4 - 0,3 - 3 - 0,0.5,4 - 8 - 0,0.333,3 - 1 - 0,1W,1 - 4 - 0
2012,2012,49ers,11,4,1,0,0.719,397,273,124,6 - 1 - 1,5 - 3 - 0,3 - 2 - 1,0.583,7 - 4 - 1,0.625,4 - 0 - 0,1W,3 - 2 - 0
2012,2012,Seahawks,11,5,0,0,0.688,412,245,167,8 - 0 - 0,3 - 5 - 0,3 - 3 - 0,0.5,8 - 4 - 0,0.667,3 - 1 - 0,5W,5 - 0 - 0
2012,2012,Rams,7,8,1,0,0.469,299,348,-49,4 - 4 - 0,3 - 4 - 1,4 - 1 - 1,0.75,6 - 5 - 1,0.542,1 - 3 - 0,1L,3 - 2 - 0
2012,2012,Cardinals,5,11,0,0,0.313,250,357,-107,4 - 4 - 0,1 - 7 - 0,1 - 5 - 0,0.167,3 - 9 - 0,0.25,2 - 2 - 0,2L,1 - 4 - 0
2011,2011,Patriots,13,3,0,0,0.813,513,342,171,7 - 1 - 0,6 - 2 - 0,5 - 1 - 0,0.833,10 - 2 - 0,0.833,3 - 1 - 0,8W,5 - 0 - 0
2011,2011,Jets,8,8,0,0,0.5,377,363,14,6 - 2 - 0,2 - 6 - 0,3 - 3 - 0,0.5,6 - 6 - 0,0.5,2 - 2 - 0,3L,2 - 3 - 0
2011,2011,Dolphins,6,10,0,0,0.375,329,313,16,4 - 4 - 0,2 - 6 - 0,3 - 3 - 0,0.5,5 - 7 - 0,0.417,1 - 3 - 0,1W,3 - 2 - 0
2011,2011,Bills,6,10,0,0,0.375,372,434,-62,5 - 3 - 0,1 - 7 - 0,1 - 5 - 0,0.167,4 - 8 - 0,0.333,2 - 2 - 0,1L,1 - 4 - 0
2011,2011,Ravens,12,4,0,0,0.75,378,266,112,8 - 0 - 0,4 - 4 - 0,6 - 0 - 0,1,9 - 3 - 0,0.75,3 - 1 - 0,2W,4 - 1 - 0
2011,2011,Steelers,12,4,0,0,0.75,325,227,98,7 - 1 - 0,5 - 3 - 0,4 - 2 - 0,0.667,9 - 3 - 0,0.75,3 - 1 - 0,2W,4 - 1 - 0
2011,2011,Bengals,9,7,0,0,0.563,344,323,21,4 - 4 - 0,5 - 3 - 0,2 - 4 - 0,0.333,6 - 6 - 0,0.5,3 - 1 - 0,1L,2 - 3 - 0
2011,2011,Browns,4,12,0,0,0.25,218,307,-89,3 - 5 - 0,1 - 7 - 0,0 - 6 - 0,0,3 - 9 - 0,0.25,1 - 3 - 0,6L,0 - 5 - 0
2011,2011,Texans,10,6,0,0,0.625,381,278,103,5 - 3 - 0,5 - 3 - 0,4 - 2 - 0,0.667,8 - 4 - 0,0.667,2 - 2 - 0,3L,2 - 3 - 0
2011,2011,Titans,9,7,0,0,0.563,325,317,8,5 - 3 - 0,4 - 4 - 0,3 - 3 - 0,0.5,7 - 5 - 0,0.583,2 - 2 - 0,2W,3 - 2 - 0
2011,2011,Jaguars,5,11,0,0,0.313,243,329,-86,4 - 4 - 0,1 - 7 - 0,3 - 3 - 0,0.5,4 - 8 - 0,0.333,1 - 3 - 0,1W,2 - 3 - 0
2011,2011,Colts,2,14,0,0,0.125,243,430,-187,2 - 6 - 0,0 - 8 - 0,2 - 4 - 0,0.333,2 - 10 - 0,0.167,0 - 4 - 0,1L,2 - 3 - 0
2011,2011,Broncos,8,8,0,0,0.5,309,390,-81,3 - 5 - 0,5 - 3 - 0,3 - 3 - 0,0.5,6 - 6 - 0,0.5,2 - 2 - 0,3L,2 - 3 - 0
2011,2011,Chargers,8,8,0,0,0.5,406,377,29,5 - 3 - 0,3 - 5 - 0,3 - 3 - 0,0.5,7 - 5 - 0,0.583,1 - 3 - 0,1W,4 - 1 - 0
2011,2011,Raiders,8,8,0,0,0.5,359,433,-74,3 - 5 - 0,5 - 3 - 0,3 - 3 - 0,0.5,6 - 6 - 0,0.5,2 - 2 - 0,1L,1 - 4 - 0
2011,2011,Chiefs,7,9,0,0,0.438,212,338,-126,3 - 5 - 0,4 - 4 - 0,3 - 3 - 0,0.5,4 - 8 - 0,0.333,3 - 1 - 0,1W,3 - 2 - 0
2011,2011,Giants,9,7,0,0,0.563,394,400,-6,4 - 4 - 0,5 - 3 - 0,3 - 3 - 0,0.5,5 - 7 - 0,0.417,4 - 0 - 0,2W,3 - 2 - 0
2011,2011,Eagles,8,8,0,0,0.5,396,328,68,3 - 5 - 0,5 - 3 - 0,5 - 1 - 0,0.833,6 - 6 - 0,0.5,2 - 2 - 0,4W,4 - 1 - 0
2011,2011,Cowboys,8,8,0,0,0.5,369,347,22,5 - 3 - 0,3 - 5 - 0,2 - 4 - 0,0.333,6 - 6 - 0,0.5,2 - 2 - 0,2L,1 - 4 - 0
2011,2011,Redskins,5,11,0,0,0.313,288,367,-79,2 - 6 - 0,3 - 5 - 0,2 - 4 - 0,0.333,5 - 7 - 0,0.417,0 - 4 - 0,2L,1 - 4 - 0
2011,2011,Packers,15,1,0,1,0.938,560,359,201,8 - 0 - 0,7 - 1 - 0,6 - 0 - 0,1,12 - 0 - 0,1,3 - 1 - 0,2W,4 - 1 - 0
2011,2011,Lions,10,6,0,0,0.625,474,387,87,5 - 3 - 0,5 - 3 - 0,3 - 3 - 0,0.5,6 - 6 - 0,0.5,4 - 0 - 0,1L,3 - 2 - 0
2011,2011,Bears,8,8,0,0,0.5,353,341,12,5 - 3 - 0,3 - 5 - 0,3 - 3 - 0,0.5,7 - 5 - 0,0.583,1 - 3 - 0,1W,1 - 4 - 0
2011,2011,Vikings,3,13,0,0,0.188,340,449,-109,1 - 7 - 0,2 - 6 - 0,0 - 6 - 0,0,3 - 9 - 0,0.25,0 - 4 - 0,1L,1 - 4 - 0
2011,2011,Saints,13,3,0,0,0.813,547,339,208,8 - 0 - 0,5 - 3 - 0,5 - 1 - 0,0.833,9 - 3 - 0,0.75,4 - 0 - 0,8W,5 - 0 - 0
2011,2011,Falcons,10,6,0,0,0.625,402,350,52,6 - 2 - 0,4 - 4 - 0,3 - 3 - 0,0.5,7 - 5 - 0,0.583,3 - 1 - 0,1W,3 - 2 - 0
2011,2011,Panthers,6,10,0,0,0.375,406,429,-23,3 - 5 - 0,3 - 5 - 0,2 - 4 - 0,0.333,3 - 9 - 0,0.25,3 - 1 - 0,1L,3 - 2 - 0
2011,2011,Buccaneers,4,12,0,0,0.25,287,494,-207,3 - 5 - 0,1 - 7 - 0,2 - 4 - 0,0.333,3 - 9 - 0,0.25,1 - 3 - 0,10L,0 - 5 - 0
2011,2011,49ers,13,3,0,0,0.813,380,229,151,7 - 1 - 0,6 - 2 - 0,5 - 1 - 0,0.833,10 - 2 - 0,0.833,3 - 1 - 0,3W,4 - 1 - 0
2011,2011,Cardinals,8,8,0,0,0.5,312,348,-36,6 - 2 - 0,2 - 6 - 0,4 - 2 - 0,0.667,7 - 5 - 0,0.583,1 - 3 - 0,1W,4 - 1 - 0
2011,2011,Seahawks,7,9,0,0,0.438,321,315,6,4 - 4 - 0,3 - 5 - 0,3 - 3 - 0,0.5,6 - 6 - 0,0.5,1 - 3 - 0,2L,3 - 2 - 0
2011,2011,Rams,2,14,0,0,0.125,193,407,-214,1 - 7 - 0,1 - 7 - 0,0 - 6 - 0,0,1 - 11 - 0,0.083,1 - 3 - 0,7L,0 - 5 - 0